Deal Name,Deal Stage,Amount,Close Date
"James, Adams and Mayo Deal",Appointment Scheduled,19845.3,2024-08-16
Thomas-Franco Deal,Appointment Scheduled,79683.96,2024-11-14
Grant-Austin Deal,Qualified to Buy,2771.41,2024-06-28
Young Group Deal,Decision Maker Bought-In,1732.75,2024-07-23
"Henderson, Reid and Arnold Deal",Closed Won,99705.19,2024-08-26
Porter Group Deal,Presentation Scheduled,70436.11,2024-10-05
"Davis, Clark and Gonzalez Deal",Closed Won,17364.7,2024-08-30
Goodman Group Deal,Appointment Scheduled,49126.93,2024-06-30
Robertson Inc Deal,Decision Maker Bought-In,79796.67,2024-11-20
Clements and Sons Deal,Closed Won,32546.68,2024-08-07
"Preston, Barajas and Green Deal",Closed Won,95706.32,2024-09-26
"Lee, Munoz and Best Deal",Qualified to Buy,94225.1,2024-08-23
Johnson Ltd Deal,Qualified to Buy,90199.81,2024-09-03
Flores and Sons Deal,Closed Won,52151.3,2024-09-24
"Kelley, Schultz and Ryan Deal",Presentation Scheduled,80149.06,2024-07-27
Smith-Hayes Deal,Contract Sent,47262.22,2024-08-15
"Smith, Kemp and Williams Deal",Closed Won,54655.87,2024-09-27
Hansen-Case Deal,Closed Won,40025.47,2024-10-26
"Garcia, Delgado and Perry Deal",Presentation Scheduled,49217.87,2024-09-26
Rodriguez and Sons Deal,Qualified to Buy,26245.4,2024-09-25
Anderson LLC Deal,Decision Maker Bought-In,99494.73,2024-07-13
Barrett and Sons Deal,Closed Won,83915.17,2024-07-06
"Fuller, Mason and Johnson Deal",Closed Won,84133.98,2024-08-30
Mcfarland LLC Deal,Contract Sent,1114.75,2024-09-07
Klein-Beck Deal,Contract Sent,11985.87,2024-10-04
"Smith, Powell and Berg Deal",Presentation Scheduled,74116.83,2024-08-12
Ramsey Ltd Deal,Presentation Scheduled,65226.86,2024-10-26
Bell PLC Deal,Qualified to Buy,8687.41,2024-11-08
Kerr-Smith Deal,Appointment Scheduled,22746.83,2024-09-04
"Hunt, Cabrera and Burns Deal",Decision Maker Bought-In,3295.65,2024-09-01
"Smith, Thomas and Rodriguez Deal",Presentation Scheduled,94283.02,2024-07-07
Cruz PLC Deal,Appointment Scheduled,92603.7,2024-06-29
"Moore, Hurst and Garner Deal",Presentation Scheduled,27109.93,2024-12-12
"Alvarez, Fleming and Grant Deal",Decision Maker Bought-In,21190.21,2024-12-21
Johnson Group Deal,Contract Sent,64861.7,2024-12-11
"Potts, Lopez and Walker Deal",Contract Sent,78738.71,2024-11-30
Miller-Aguirre Deal,Presentation Scheduled,78738.73,2024-11-17
"Roth, Pruitt and Mcdowell Deal",Qualified to Buy,7151.23,2024-09-05
Brown PLC Deal,Presentation Scheduled,85894.72,2024-12-19
"Wade, Wilson and Alexander Deal",Appointment Scheduled,29655.86,2024-10-13
"Oconnell, Baldwin and Berry Deal",Decision Maker Bought-In,19089.48,2024-09-02
Johnson Ltd Deal,Decision Maker Bought-In,51984.21,2024-06-30
Taylor Inc Deal,Qualified to Buy,70434.24,2024-12-17
"Campbell, Wong and Jones Deal",Closed Won,69199.13,2024-07-12
Wheeler Group Deal,Appointment Scheduled,38375.66,2024-12-10
Larson-Patton Deal,Contract Sent,12037.6,2024-10-07
Graves and Sons Deal,Contract Sent,7638.18,2024-07-05
Collins Group Deal,Closed Won,20669.05,2024-09-24
Williams and Sons Deal,Presentation Scheduled,5270.88,2024-11-27
"Higgins, Brennan and Cordova Deal",Contract Sent,79485.38,2024-10-16
Hernandez-Goodman Deal,Contract Sent,8747.93,2024-11-10
Gregory-Foster Deal,Contract Sent,52827.97,2024-11-06
Thompson-Lee Deal,Closed Won,87121.84,2024-10-26
"Walters, Elliott and Hinton Deal",Qualified to Buy,54476.79,2024-07-24
Wood-Bird Deal,Presentation Scheduled,26190.18,2024-07-14
"Cook, Frazier and Miller Deal",Presentation Scheduled,31558.21,2024-07-05
Hopkins-Kelley Deal,Qualified to Buy,82398.72,2024-07-08
Perry-Campbell Deal,Closed Won,90232.05,2024-12-22
"Pratt, Lopez and Smith Deal",Presentation Scheduled,38600.54,2024-11-28
"Robinson, Leach and Willis Deal",Presentation Scheduled,50620.54,2024-10-03
Tucker-Greer Deal,Contract Sent,36527.96,2024-07-24
Floyd-Willis Deal,Closed Won,21610.62,2024-11-20
"Evans, Hamilton and Nguyen Deal",Appointment Scheduled,88564.04,2024-10-31
Booker Inc Deal,Closed Won,22582.33,2024-08-24
Branch-Johnson Deal,Qualified to Buy,79518.89,2024-09-01
Gibson LLC Deal,Presentation Scheduled,68651.51,2024-11-17
Moore LLC Deal,Decision Maker Bought-In,44207.28,2024-12-06
Hester Inc Deal,Decision Maker Bought-In,42371.88,2024-12-14
Smith-Whitehead Deal,Closed Won,62935.58,2024-09-03
Wilson-Casey Deal,Presentation Scheduled,24634.67,2024-08-06
Lamb-Dean Deal,Decision Maker Bought-In,58224.26,2024-07-21
"Watson, Sandoval and Mathis Deal",Decision Maker Bought-In,84074.86,2024-11-19
"Henderson, Bradley and Wood Deal",Contract Sent,10766.46,2024-09-27
"Osborn, Hancock and Ortega Deal",Qualified to Buy,77745.6,2024-09-06
"Kelly, Gardner and Hudson Deal",Decision Maker Bought-In,37179.45,2024-10-22
"Pham, Miles and Moyer Deal",Contract Sent,41790.55,2024-07-05
Hall Ltd Deal,Closed Won,7309.07,2024-12-01
Wilson Group Deal,Decision Maker Bought-In,98506.73,2024-10-20
Williams-Jimenez Deal,Contract Sent,5024.1,2024-12-04
"Williams, Black and Harrison Deal",Contract Sent,53168.29,2024-08-05
Brown Group Deal,Closed Won,62710.3,2024-10-08
"Romero, Collins and Young Deal",Presentation Scheduled,96666.3,2024-10-22
"Gonzalez, Powell and Cook Deal",Appointment Scheduled,73244.38,2024-09-06
"Johnson, Alvarez and Young Deal",Closed Won,96122.91,2024-09-30
Yates and Sons Deal,Qualified to Buy,78303.38,2024-12-04
Wilkins-Phillips Deal,Closed Won,88833.53,2024-11-02
"Bridges, Martinez and Rogers Deal",Appointment Scheduled,20097.48,2024-10-28
"Bonilla, Blake and Nash Deal",Contract Sent,11710.23,2024-10-30
Castaneda-Reed Deal,Decision Maker Bought-In,13825.71,2024-09-03
Evans-Thomas Deal,Contract Sent,68462.28,2024-09-06
Myers Ltd Deal,Presentation Scheduled,93441.38,2024-11-30
Mccullough Ltd Deal,Appointment Scheduled,76492.67,2024-09-26
Lopez-Smith Deal,Contract Sent,26850.48,2024-09-23
Brown-Melton Deal,Presentation Scheduled,93470.91,2024-11-30
"Webster, Larson and Ward Deal",Qualified to Buy,40645.47,2024-10-23
Hardin Group Deal,Presentation Scheduled,8746.39,2024-09-16
"Smith, Allen and Smith Deal",Decision Maker Bought-In,40401.6,2024-11-24
Rodgers Group Deal,Presentation Scheduled,51193.5,2024-12-15
Bailey-Mann Deal,Appointment Scheduled,24232.76,2024-11-09
Smith Inc Deal,Qualified to Buy,97551.05,2024-07-31
Thompson-Thomas Deal,Decision Maker Bought-In,77631.74,2024-11-19
Collins Group Deal,Closed Won,79028.44,2024-09-08
Drake-Ruiz Deal,Appointment Scheduled,33356.83,2024-09-15
Bates-Burke Deal,Presentation Scheduled,46325.48,2024-11-19
"Peterson, Carter and Clayton Deal",Decision Maker Bought-In,37670.43,2024-11-14
Ortiz-Taylor Deal,Appointment Scheduled,55049.72,2024-08-04
Johnson Ltd Deal,Appointment Scheduled,3067.61,2024-09-01
Kim and Sons Deal,Decision Maker Bought-In,69202.75,2024-08-27
Richardson Ltd Deal,Closed Won,36595.75,2024-12-20
"Torres, Williams and Kim Deal",Contract Sent,23893.09,2024-10-02
Stephenson PLC Deal,Decision Maker Bought-In,5425.75,2024-07-30
Robertson-Payne Deal,Presentation Scheduled,21935.98,2024-08-09
"Bishop, Diaz and Jackson Deal",Presentation Scheduled,54874.95,2024-09-28
"Rivera, Travis and Ramos Deal",Closed Won,45737.88,2024-10-19
Boyer Ltd Deal,Presentation Scheduled,65160.98,2024-08-05
Fox-Collins Deal,Contract Sent,98128.61,2024-10-19
Clark-Stephens Deal,Closed Won,68252.43,2024-12-23
"Strickland, Acevedo and Gutierrez Deal",Contract Sent,85386.67,2024-08-13
Kelley-Schmidt Deal,Appointment Scheduled,73783.96,2024-12-15
Flores-Cantu Deal,Qualified to Buy,30895.45,2024-10-21
Booth and Sons Deal,Closed Won,85243.79,2024-12-23
Carter LLC Deal,Contract Sent,76545.91,2024-12-20
Spence-Terry Deal,Decision Maker Bought-In,42889.53,2024-11-08
Smith Ltd Deal,Qualified to Buy,64864.04,2024-11-26
"Lang, Watson and Burton Deal",Appointment Scheduled,41331.18,2024-08-12
Ochoa and Sons Deal,Closed Won,81671.33,2024-12-19
Mendoza-Flores Deal,Presentation Scheduled,57504.03,2024-11-17
Howell Group Deal,Decision Maker Bought-In,12652.27,2024-08-12
Rocha-Rivera Deal,Contract Sent,44200.86,2024-10-19
"Hicks, Landry and Jones Deal",Presentation Scheduled,35004.18,2024-08-11
"Moore, Jacobs and Green Deal",Qualified to Buy,3268.29,2024-11-20
Pierce-Wolf Deal,Closed Won,9792.82,2024-07-18
"Santana, Harrington and Richardson Deal",Presentation Scheduled,46184.77,2024-09-08
"King, Wise and Booker Deal",Qualified to Buy,79574.13,2024-08-20
Brown Group Deal,Presentation Scheduled,18288.94,2024-07-11
"Willis, Novak and Dennis Deal",Decision Maker Bought-In,67802.28,2024-11-19
"Alexander, Brooks and Andrews Deal",Qualified to Buy,33178.98,2024-07-19
Taylor PLC Deal,Closed Won,70800.51,2024-07-29
Oliver-Arnold Deal,Decision Maker Bought-In,34617.03,2024-07-04
Garrison-Owen Deal,Presentation Scheduled,5805.6,2024-08-31
"Small, Mendoza and Ramirez Deal",Presentation Scheduled,81732.55,2024-11-09
Dixon LLC Deal,Presentation Scheduled,55803.7,2024-12-21
Smith PLC Deal,Decision Maker Bought-In,13474.9,2024-10-09
Winters Inc Deal,Presentation Scheduled,55070.14,2024-08-08
Gray Group Deal,Decision Maker Bought-In,50081.07,2024-10-18
"Cruz, Lewis and Jackson Deal",Decision Maker Bought-In,1030.78,2024-07-06
"West, Stewart and Johnson Deal",Appointment Scheduled,69724.23,2024-11-16
"Campos, Mendoza and Kennedy Deal",Contract Sent,11266.71,2024-09-12
"Roberts, Maynard and Mccarthy Deal",Qualified to Buy,85575.96,2024-10-01
Barrett LLC Deal,Appointment Scheduled,28870.78,2024-11-28
"Reynolds, Kelley and Bell Deal",Qualified to Buy,78373.2,2024-11-18
Parks-Shepherd Deal,Decision Maker Bought-In,7262.86,2024-12-10
Williams Inc Deal,Decision Maker Bought-In,81098.21,2024-11-27
"Davis, Pacheco and Williams Deal",Closed Won,68908.23,2024-08-03
Bryant-Ball Deal,Appointment Scheduled,22879.68,2024-12-10
Williams-Brennan Deal,Contract Sent,81697.27,2024-09-05
"Maldonado, Tate and King Deal",Appointment Scheduled,89507.98,2024-10-05
Daniel-West Deal,Closed Won,57763.21,2024-12-13
Clark-Diaz Deal,Appointment Scheduled,37074.85,2024-10-20
Rodriguez-Paul Deal,Presentation Scheduled,67768.55,2024-11-21
"Kim, Medina and Robinson Deal",Appointment Scheduled,48331.45,2024-09-08
"Mccarthy, Schmitt and Steele Deal",Presentation Scheduled,52922.45,2024-11-14
Davis LLC Deal,Appointment Scheduled,17758.06,2024-08-14
Hernandez LLC Deal,Contract Sent,51559.34,2024-08-13
Phillips-Carey Deal,Contract Sent,63190.29,2024-06-30
Banks LLC Deal,Qualified to Buy,35036.04,2024-12-21
Morales Inc Deal,Decision Maker Bought-In,31144.64,2024-08-16
"Powers, Chapman and Duarte Deal",Closed Won,39588.03,2024-09-15
"Marshall, Thomas and Duran Deal",Qualified to Buy,29883.3,2024-11-28
"Young, Jones and Duncan Deal",Presentation Scheduled,54450.24,2024-09-02
Stafford and Sons Deal,Decision Maker Bought-In,90483.38,2024-09-17
"Robertson, Lewis and Moon Deal",Decision Maker Bought-In,9816.7,2024-09-14
Mckee-Chen Deal,Decision Maker Bought-In,6845.08,2024-12-01
Hess and Sons Deal,Presentation Scheduled,52796.88,2024-08-08
Cooley-Henry Deal,Closed Won,51234.53,2024-12-17
"Rodriguez, Garcia and Palmer Deal",Qualified to Buy,32448.19,2024-10-07
Pham LLC Deal,Closed Won,87453.06,2024-11-13
"Dickerson, Nguyen and Hughes Deal",Presentation Scheduled,37510.28,2024-09-08
Hull-Munoz Deal,Qualified to Buy,95610.23,2024-09-20
Flores and Sons Deal,Closed Won,35091.06,2024-09-24
"Adams, Dillon and Evans Deal",Decision Maker Bought-In,58025.31,2024-07-19
Powell-Richardson Deal,Presentation Scheduled,66378.08,2024-11-08
"Cohen, Moody and Stanley Deal",Decision Maker Bought-In,81213.49,2024-08-18
Russell-Carr Deal,Qualified to Buy,20619.49,2024-11-18
Riddle Ltd Deal,Decision Maker Bought-In,54981.73,2024-09-08
Castaneda-Kelly Deal,Contract Sent,86546.96,2024-12-22
Sanchez and Sons Deal,Closed Won,36227.64,2024-07-12
Jackson Group Deal,Contract Sent,17491.8,2024-08-25
"Perez, Jenkins and Webb Deal",Presentation Scheduled,19861.54,2024-08-04
"Sherman, Black and Peterson Deal",Qualified to Buy,7335.1,2024-11-25
Blankenship and Sons Deal,Appointment Scheduled,44730.08,2024-10-21
Villarreal Ltd Deal,Presentation Scheduled,33637.28,2024-09-03
Hart-Vaughn Deal,Qualified to Buy,87114.65,2024-07-04
Dyer-Wright Deal,Qualified to Buy,57740.38,2024-07-29
Roach-Alvarez Deal,Decision Maker Bought-In,5675.45,2024-07-28
Walsh-Shields Deal,Decision Maker Bought-In,55195.34,2024-10-02
Cabrera-Holder Deal,Contract Sent,42456.92,2024-09-10
Underwood-Miller Deal,Qualified to Buy,33289.32,2024-12-21
Turner-Perez Deal,Qualified to Buy,51846.55,2024-11-18
Lee-Harris Deal,Decision Maker Bought-In,72352.76,2024-08-04
Murphy-Sheppard Deal,Presentation Scheduled,35341.74,2024-12-17
Moore PLC Deal,Presentation Scheduled,23591.34,2024-10-14
Camacho-Lawrence Deal,Contract Sent,78164.64,2024-10-27
Long and Sons Deal,Closed Won,7656.43,2024-10-28
Monroe-Perez Deal,Qualified to Buy,3371.07,2024-12-09
"Bray, Yoder and Williamson Deal",Presentation Scheduled,75733.07,2024-09-07
"Brown, Collins and Moran Deal",Presentation Scheduled,39261.35,2024-09-03
Sellers-Harris Deal,Decision Maker Bought-In,1465.44,2024-12-24
"Edwards, Cameron and Mccormick Deal",Qualified to Buy,24837.05,2024-09-24
Lewis-Wagner Deal,Decision Maker Bought-In,3847.81,2024-09-15
Conley-Johnson Deal,Presentation Scheduled,55707.46,2024-11-05
Bond LLC Deal,Qualified to Buy,59609.69,2024-11-19
"Diaz, Rodriguez and Stephenson Deal",Closed Won,67558.98,2024-10-31
"Sandoval, Smith and Nelson Deal",Contract Sent,88859.81,2024-08-27
Adams LLC Deal,Contract Sent,29152.76,2024-07-29
"Diaz, Anderson and Smith Deal",Appointment Scheduled,43628.73,2024-12-20
Gonzalez Ltd Deal,Presentation Scheduled,94960.78,2024-11-28
"Cochran, Price and Webb Deal",Qualified to Buy,36070.51,2024-07-18
"Jackson, Robertson and Smith Deal",Contract Sent,4099.13,2024-09-09
"Hodge, Duncan and Newman Deal",Qualified to Buy,84119.74,2024-07-22
"Kim, Washington and Rodgers Deal",Appointment Scheduled,64530.82,2024-12-09
"Patel, Smith and Leblanc Deal",Decision Maker Bought-In,4683.2,2024-08-26
Huber-Peterson Deal,Presentation Scheduled,68034.98,2024-11-12
Wright PLC Deal,Appointment Scheduled,88339.67,2024-10-28
"Moore, Norris and Newton Deal",Qualified to Buy,65344.37,2024-10-30
Green Inc Deal,Closed Won,68322.23,2024-11-16
"Taylor, Jackson and Johnson Deal",Decision Maker Bought-In,74810.85,2024-11-06
Flores-Holmes Deal,Contract Sent,89294.79,2024-07-01
Miller PLC Deal,Decision Maker Bought-In,73368.72,2024-08-08
"Stewart, Wilson and Howe Deal",Closed Won,36907.53,2024-09-03
Willis-Meza Deal,Decision Maker Bought-In,52330.01,2024-11-08
Maxwell-Smith Deal,Contract Sent,63336.19,2024-10-30
Anderson-Byrd Deal,Qualified to Buy,52201.68,2024-12-05
"Kramer, Curtis and Cameron Deal",Closed Won,66861.27,2024-12-04
Hanson-Martinez Deal,Contract Sent,55215.62,2024-10-14
"Reyes, Martinez and Williams Deal",Qualified to Buy,55236.81,2024-09-10
"Daniel, Skinner and Norris Deal",Closed Won,59610.58,2024-07-11
Lewis-Taylor Deal,Qualified to Buy,6430.73,2024-09-30
Anderson-Novak Deal,Closed Won,24850.03,2024-09-19
Tran Group Deal,Decision Maker Bought-In,17983.58,2024-09-23
"Ortiz, Byrd and Martin Deal",Appointment Scheduled,56779.59,2024-07-07
Williams and Sons Deal,Closed Won,62417.62,2024-09-28
Mccarthy and Sons Deal,Presentation Scheduled,90820.83,2024-10-03
Mendez Inc Deal,Decision Maker Bought-In,40655.08,2024-11-06
"Moreno, Robinson and Spencer Deal",Appointment Scheduled,37903.45,2024-09-01
"Barr, Schultz and Howard Deal",Presentation Scheduled,60198.87,2024-07-29
Richards Ltd Deal,Decision Maker Bought-In,24553.54,2024-10-24
"Weaver, Burton and Pennington Deal",Closed Won,36447.27,2024-10-21
"Simpson, Powell and Carter Deal",Decision Maker Bought-In,86026.7,2024-09-19
Bullock-Hill Deal,Presentation Scheduled,20536.98,2024-08-20
"Johnson, Barron and Allen Deal",Decision Maker Bought-In,40644.82,2024-09-16
Payne-Hanson Deal,Decision Maker Bought-In,78985.6,2024-11-17
Chase Ltd Deal,Contract Sent,53932.08,2024-07-22
Keller-Jackson Deal,Appointment Scheduled,91425.25,2024-10-22
Parker and Sons Deal,Contract Sent,6389.92,2024-09-19
"Morton, Gonzalez and Ware Deal",Contract Sent,74196.64,2024-11-04
Randall-Estrada Deal,Contract Sent,29732.64,2024-07-31
Harris Inc Deal,Contract Sent,66151.27,2024-11-05
Henderson-Rhodes Deal,Closed Won,3060.52,2024-10-30
"Howard, Rodriguez and Dillon Deal",Qualified to Buy,71257.04,2024-10-29
Shepard-Pearson Deal,Qualified to Buy,79578.0,2024-10-20
Henderson Group Deal,Qualified to Buy,54787.31,2024-08-30
Stewart LLC Deal,Contract Sent,6793.28,2024-12-21
"Reese, Dorsey and Jackson Deal",Closed Won,62139.81,2024-07-02
Johnson Ltd Deal,Appointment Scheduled,11416.19,2024-08-20
Huang-Williams Deal,Qualified to Buy,33088.71,2024-08-29
Campbell PLC Deal,Closed Won,59298.0,2024-12-22
Huerta Ltd Deal,Contract Sent,68792.58,2024-08-22
Hall-Smith Deal,Contract Sent,96584.26,2024-08-30
Williams-Davis Deal,Decision Maker Bought-In,86118.66,2024-11-01
Andrade and Sons Deal,Contract Sent,98786.38,2024-10-27
Reynolds LLC Deal,Qualified to Buy,63280.22,2024-12-01
Allen-Lewis Deal,Presentation Scheduled,71160.06,2024-07-03
"Norman, Zavala and Miller Deal",Appointment Scheduled,44050.09,2024-08-13
Fischer LLC Deal,Decision Maker Bought-In,44296.62,2024-07-01
"Hill, Hudson and Landry Deal",Decision Maker Bought-In,99108.66,2024-08-09
"Tran, Thomas and Brown Deal",Appointment Scheduled,2318.58,2024-10-03
Rios and Sons Deal,Appointment Scheduled,28497.84,2024-09-01
Smith and Sons Deal,Closed Won,54636.74,2024-11-29
Villarreal-Barnes Deal,Qualified to Buy,96830.84,2024-08-10
Bailey LLC Deal,Decision Maker Bought-In,26229.98,2024-11-27
Fields-Hall Deal,Contract Sent,93667.94,2024-08-02
"Jones, Stephens and Valdez Deal",Qualified to Buy,10290.75,2024-07-11
"Strong, Roy and Thompson Deal",Contract Sent,9721.58,2024-07-14
Nguyen Inc Deal,Closed Won,54543.53,2024-08-17
Hudson Ltd Deal,Decision Maker Bought-In,23483.27,2024-12-10
"Green, Parker and Sanchez Deal",Closed Won,3013.0,2024-11-14
"Luna, Bryant and Sloan Deal",Closed Won,36494.17,2024-09-21
Reed Ltd Deal,Decision Maker Bought-In,32865.74,2024-12-14
"Murphy, Walton and Young Deal",Decision Maker Bought-In,89952.73,2024-09-21
"Sherman, Sloan and Walton Deal",Presentation Scheduled,49944.57,2024-08-03
Miller-French Deal,Closed Won,37190.98,2024-10-13
"Ellis, Coleman and Hopkins Deal",Closed Won,66847.37,2024-10-07
"Miller, Phillips and Jones Deal",Qualified to Buy,87898.7,2024-09-11
Goodwin-Giles Deal,Decision Maker Bought-In,56845.15,2024-10-27
"Hernandez, Reed and Johnson Deal",Qualified to Buy,31588.72,2024-10-05
"Fuller, Smith and Nelson Deal",Contract Sent,52043.7,2024-09-08
Russell-Morris Deal,Contract Sent,65469.58,2024-11-25
Lucero-Lindsey Deal,Decision Maker Bought-In,43874.5,2024-08-22
"Kidd, Dixon and Hudson Deal",Contract Sent,47137.29,2024-07-15
"Vaughn, Ruiz and Bird Deal",Decision Maker Bought-In,41991.6,2024-11-29
"Spencer, Weiss and Schmidt Deal",Decision Maker Bought-In,77124.79,2024-07-27
Watson-Harris Deal,Qualified to Buy,90809.57,2024-08-21
Hernandez LLC Deal,Closed Won,17993.84,2024-09-15
Miller-Fletcher Deal,Appointment Scheduled,58286.3,2024-10-30
Miles-Ramirez Deal,Presentation Scheduled,71456.75,2024-11-28
"Gutierrez, Walsh and Olson Deal",Qualified to Buy,75283.82,2024-10-22
Sutton Group Deal,Presentation Scheduled,40480.25,2024-08-15
Massey-Newman Deal,Qualified to Buy,21254.25,2024-10-25
Fields-Mcclain Deal,Qualified to Buy,65480.03,2024-09-14
"Kelley, Wood and Underwood Deal",Closed Won,7902.23,2024-10-28
"Clark, Good and Johnson Deal",Appointment Scheduled,9832.27,2024-10-11
Lynn Group Deal,Qualified to Buy,52774.59,2024-10-02
Pope-Wade Deal,Decision Maker Bought-In,23854.9,2024-10-13
"Wilson, Murphy and Weeks Deal",Qualified to Buy,88200.75,2024-12-15
Nguyen Inc Deal,Decision Maker Bought-In,9972.44,2024-09-03
Stevens-Scott Deal,Decision Maker Bought-In,93009.59,2024-08-25
Lopez-Compton Deal,Qualified to Buy,68482.68,2024-09-08
Lloyd Group Deal,Decision Maker Bought-In,97881.55,2024-07-17
Franklin Ltd Deal,Qualified to Buy,94793.52,2024-08-17
Torres and Sons Deal,Qualified to Buy,26545.97,2024-12-14
Anderson LLC Deal,Qualified to Buy,72292.47,2024-10-01
Hardin-Banks Deal,Presentation Scheduled,19058.45,2024-07-26
Rogers-Bennett Deal,Presentation Scheduled,7428.88,2024-12-23
Roman-Henry Deal,Decision Maker Bought-In,34928.72,2024-11-26
"Kelly, Daugherty and Carter Deal",Decision Maker Bought-In,15347.03,2024-07-22
Peck Group Deal,Decision Maker Bought-In,23974.78,2024-08-17
Smith and Sons Deal,Contract Sent,85811.33,2024-11-25
"Warren, Berger and Valdez Deal",Decision Maker Bought-In,68719.3,2024-12-04
Hubbard Inc Deal,Closed Won,24230.58,2024-07-31
Allen-Arnold Deal,Decision Maker Bought-In,29356.66,2024-12-06
"Wong, Sanchez and Davis Deal",Decision Maker Bought-In,46293.8,2024-06-29
Burgess PLC Deal,Contract Sent,91758.02,2024-09-18
Wright-Huynh Deal,Decision Maker Bought-In,82027.54,2024-11-23
"Walter, Gaines and Clayton Deal",Contract Sent,74349.73,2024-11-25
Clay-Wilkerson Deal,Appointment Scheduled,72253.22,2024-07-05
Howard-Martin Deal,Decision Maker Bought-In,19068.09,2024-11-24
"Weber, Jacobs and Nguyen Deal",Appointment Scheduled,16068.86,2024-11-05
Oconnor-Carter Deal,Decision Maker Bought-In,48358.76,2024-07-20
Davis-Hardy Deal,Contract Sent,76950.25,2024-08-05
Madden Ltd Deal,Qualified to Buy,93385.19,2024-08-13
"Stewart, Garrett and Carter Deal",Qualified to Buy,49000.02,2024-07-16
Barron Ltd Deal,Closed Won,72899.92,2024-06-28
Jacobson Group Deal,Contract Sent,88498.66,2024-08-19
"Steele, Thomas and Smith Deal",Presentation Scheduled,16178.55,2024-07-09
Simon-Moyer Deal,Closed Won,55651.76,2024-08-09
Lopez LLC Deal,Presentation Scheduled,68986.62,2024-07-28
Watson Inc Deal,Contract Sent,9801.48,2024-12-05
Jones-Barrett Deal,Qualified to Buy,29049.99,2024-11-20
Johnson Inc Deal,Contract Sent,89630.3,2024-09-13
Skinner and Sons Deal,Contract Sent,7055.9,2024-08-29
Welch Inc Deal,Decision Maker Bought-In,59137.73,2024-08-27
Fitzgerald-Ellis Deal,Contract Sent,11390.06,2024-11-06
"Rios, Gardner and Gonzalez Deal",Closed Won,60590.58,2024-11-06
"Hughes, Johnson and Johnson Deal",Qualified to Buy,24515.02,2024-12-24
Rose PLC Deal,Contract Sent,2089.62,2024-09-05
Miller-Horne Deal,Contract Sent,94703.23,2024-09-04
Hernandez-Cameron Deal,Contract Sent,49450.31,2024-08-22
Martinez LLC Deal,Appointment Scheduled,78758.95,2024-08-25
"Williams, Velez and Hall Deal",Presentation Scheduled,86168.61,2024-08-13
Green PLC Deal,Decision Maker Bought-In,27841.83,2024-11-12
Sanders-Goodman Deal,Qualified to Buy,50369.28,2024-12-13
"Sawyer, Hernandez and Adams Deal",Decision Maker Bought-In,18166.94,2024-11-24
Allen LLC Deal,Qualified to Buy,15212.49,2024-08-05
Wong and Sons Deal,Closed Won,53065.12,2024-09-02
"Barrera, Roberts and Christian Deal",Qualified to Buy,74918.54,2024-08-14
Wilson-Rojas Deal,Appointment Scheduled,76993.56,2024-09-14
Kramer-Hamilton Deal,Decision Maker Bought-In,8584.57,2024-08-11
Kennedy-Franco Deal,Decision Maker Bought-In,29941.65,2024-10-03
Hanna PLC Deal,Presentation Scheduled,43941.08,2024-08-19
Wiley-Owens Deal,Contract Sent,74572.04,2024-09-13
Diaz and Sons Deal,Closed Won,68673.83,2024-09-09
Hamilton PLC Deal,Qualified to Buy,57736.11,2024-11-11
Simmons and Sons Deal,Appointment Scheduled,70913.14,2024-11-18
Williams PLC Deal,Qualified to Buy,69699.05,2024-09-01
Stewart-Wise Deal,Qualified to Buy,5273.27,2024-09-10
"Gardner, Harris and Sharp Deal",Qualified to Buy,46694.49,2024-07-10
Vaughn-Boyer Deal,Appointment Scheduled,67797.45,2024-07-22
Mills-Manning Deal,Contract Sent,59171.1,2024-10-02
"Morgan, Moody and Hansen Deal",Appointment Scheduled,89669.42,2024-06-30
Powell and Sons Deal,Appointment Scheduled,23147.56,2024-09-06
"Luna, Peters and Davis Deal",Appointment Scheduled,52753.33,2024-11-28
Camacho PLC Deal,Presentation Scheduled,66970.06,2024-09-27
"Moore, James and Watkins Deal",Appointment Scheduled,56920.82,2024-11-16
Callahan Ltd Deal,Contract Sent,86523.16,2024-09-24
Oneill LLC Deal,Appointment Scheduled,69435.64,2024-09-30
Greene-Lawson Deal,Qualified to Buy,58847.95,2024-12-06
Greene-Davis Deal,Decision Maker Bought-In,68800.83,2024-09-15
Nelson-Kennedy Deal,Qualified to Buy,39562.8,2024-07-30
"Garcia, Gordon and Morse Deal",Contract Sent,58185.64,2024-09-08
"Cisneros, Dunlap and Gonzales Deal",Closed Won,26090.26,2024-12-22
Evans Ltd Deal,Decision Maker Bought-In,17547.21,2024-09-09
Cole-Brown Deal,Contract Sent,34911.24,2024-08-13
"Hahn, Wagner and Dennis Deal",Presentation Scheduled,85228.37,2024-09-20
"Jackson, Owen and Palmer Deal",Qualified to Buy,7801.34,2024-09-17
Ortiz-Woods Deal,Qualified to Buy,40285.74,2024-08-08
Fisher Inc Deal,Presentation Scheduled,7032.35,2024-12-12
Garcia PLC Deal,Contract Sent,47253.27,2024-11-24
Walker-Melendez Deal,Qualified to Buy,58550.62,2024-09-26
Roberts LLC Deal,Decision Maker Bought-In,21583.31,2024-10-01
Mills-Calhoun Deal,Presentation Scheduled,22667.88,2024-11-02
"Murphy, Bright and Nguyen Deal",Closed Won,16405.24,2024-08-25
Smith-Reese Deal,Appointment Scheduled,68280.19,2024-07-18
Jones and Sons Deal,Appointment Scheduled,80532.13,2024-11-19
Cox-Carpenter Deal,Decision Maker Bought-In,72150.86,2024-06-29
"Davis, Garcia and Cruz Deal",Appointment Scheduled,17377.71,2024-11-21
Walker-Rodriguez Deal,Presentation Scheduled,2371.53,2024-12-06
"Atkins, Fleming and Benitez Deal",Closed Won,56784.65,2024-07-16
Rice-Baker Deal,Presentation Scheduled,99795.14,2024-12-19
Williams Inc Deal,Appointment Scheduled,14766.7,2024-11-23
Thompson and Sons Deal,Contract Sent,60772.94,2024-11-20
Hernandez and Sons Deal,Decision Maker Bought-In,97242.7,2024-09-24
"Guzman, Walker and Jennings Deal",Decision Maker Bought-In,87187.66,2024-11-11
"Tran, Keller and Patel Deal",Contract Sent,24082.92,2024-10-30
"Watson, Daniels and Perez Deal",Qualified to Buy,39544.88,2024-11-17
Barnett-Miller Deal,Qualified to Buy,6551.28,2024-08-07
Wang Group Deal,Contract Sent,4440.82,2024-08-05
Fisher-Valentine Deal,Closed Won,92474.6,2024-10-03
Singleton PLC Deal,Decision Maker Bought-In,10810.18,2024-10-31
Williams and Sons Deal,Appointment Scheduled,30676.79,2024-11-28
Mccullough-Robinson Deal,Presentation Scheduled,40848.97,2024-11-11
Lopez-Frazier Deal,Appointment Scheduled,43623.22,2024-11-20
Mccoy-Simpson Deal,Contract Sent,58930.73,2024-10-08
"Hodge, Parsons and Hancock Deal",Presentation Scheduled,38481.62,2024-09-13
"Carter, Rivas and Luna Deal",Qualified to Buy,67480.18,2024-08-13
Cooper and Sons Deal,Decision Maker Bought-In,61696.92,2024-09-22
Patterson Ltd Deal,Presentation Scheduled,38421.01,2024-08-16
Berg-Foley Deal,Presentation Scheduled,54934.37,2024-12-12
"Williamson, Elliott and Gardner Deal",Appointment Scheduled,78451.48,2024-11-11
"Gray, Johnson and Harvey Deal",Contract Sent,64793.77,2024-09-09
"Kim, Anderson and Rogers Deal",Appointment Scheduled,92925.67,2024-12-22
Brown-Hartman Deal,Closed Won,66468.22,2024-08-29
Hensley Group Deal,Presentation Scheduled,21843.8,2024-12-18
Wright-Morgan Deal,Closed Won,29657.65,2024-12-06
"Gomez, Silva and Chavez Deal",Decision Maker Bought-In,89734.24,2024-12-10
Flores PLC Deal,Closed Won,8903.83,2024-10-18
"White, Jackson and Barron Deal",Presentation Scheduled,95775.22,2024-06-28
Kim-Barrett Deal,Presentation Scheduled,51056.63,2024-09-06
Herman-Gonzalez Deal,Contract Sent,86488.26,2024-09-20
Curtis-Guzman Deal,Decision Maker Bought-In,46559.53,2024-10-15
Ortiz-Mcintosh Deal,Appointment Scheduled,68787.64,2024-11-11
"Hardy, Jones and Barnett Deal",Contract Sent,68312.71,2024-11-14
Mullen-Cunningham Deal,Appointment Scheduled,7977.49,2024-07-07
Phillips PLC Deal,Presentation Scheduled,84105.77,2024-11-05
Edwards Inc Deal,Appointment Scheduled,53306.65,2024-12-14
"Munoz, Drake and Miller Deal",Decision Maker Bought-In,21075.18,2024-11-28
Anderson Ltd Deal,Decision Maker Bought-In,93667.82,2024-07-04
Rodgers and Sons Deal,Presentation Scheduled,56324.46,2024-11-12
Sanchez-Carey Deal,Presentation Scheduled,7409.25,2024-09-14
"Caldwell, Reese and Malone Deal",Contract Sent,83371.22,2024-11-22
Sims-Francis Deal,Appointment Scheduled,53361.6,2024-09-06
Velez Ltd Deal,Presentation Scheduled,70479.73,2024-07-22
Stephens PLC Deal,Qualified to Buy,62346.49,2024-11-19
"Shields, Chang and Cabrera Deal",Qualified to Buy,26985.46,2024-09-06
Davis Group Deal,Closed Won,86860.17,2024-11-26
Moore-Fitzpatrick Deal,Decision Maker Bought-In,17514.36,2024-11-02
Yang-Hernandez Deal,Presentation Scheduled,39261.84,2024-11-16
Bennett Group Deal,Presentation Scheduled,28479.37,2024-11-16
Cunningham PLC Deal,Closed Won,34937.47,2024-12-22
"Wilkerson, Castro and Spencer Deal",Contract Sent,89971.36,2024-07-27
Baker Ltd Deal,Appointment Scheduled,12473.86,2024-06-29
Sanchez Group Deal,Presentation Scheduled,27297.59,2024-10-25
"Miller, Diaz and Gonzalez Deal",Decision Maker Bought-In,63471.99,2024-08-08
Bailey-Powell Deal,Decision Maker Bought-In,44227.91,2024-07-18
Torres and Sons Deal,Appointment Scheduled,63884.49,2024-09-25
Fields-Murphy Deal,Closed Won,32727.25,2024-09-08
Daugherty-Stone Deal,Qualified to Buy,95483.97,2024-07-19
Hall and Sons Deal,Presentation Scheduled,42771.37,2024-12-22
"Massey, Rodriguez and Banks Deal",Decision Maker Bought-In,33358.02,2024-07-15
Mcconnell-Jensen Deal,Appointment Scheduled,26496.18,2024-09-13
"Cantu, Kennedy and Walker Deal",Closed Won,33541.82,2024-10-20
Wilson Inc Deal,Contract Sent,97209.46,2024-11-20
Thomas-Dyer Deal,Appointment Scheduled,21462.31,2024-10-28
"Walker, Long and Nunez Deal",Presentation Scheduled,22049.71,2024-10-16
Dixon-Henry Deal,Appointment Scheduled,23377.38,2024-12-10
Woods-Smith Deal,Closed Won,67426.55,2024-08-15
Hancock Inc Deal,Presentation Scheduled,17798.98,2024-09-19
Mejia-Lopez Deal,Contract Sent,70826.75,2024-07-29
Shaw and Sons Deal,Decision Maker Bought-In,23405.65,2024-07-11
Smith-Allen Deal,Appointment Scheduled,73676.25,2024-08-02
Wolfe Inc Deal,Closed Won,51044.99,2024-12-15
Robbins-Brewer Deal,Qualified to Buy,63741.21,2024-11-20
Gould-Scott Deal,Qualified to Buy,19610.8,2024-07-06
Cruz and Sons Deal,Contract Sent,66791.69,2024-11-03
Nelson-Jackson Deal,Contract Sent,56082.76,2024-08-28
"Baxter, Hall and Bond Deal",Appointment Scheduled,4975.67,2024-08-06
Glenn-Robertson Deal,Decision Maker Bought-In,65890.65,2024-11-09
"Armstrong, Reynolds and Harrington Deal",Appointment Scheduled,71667.08,2024-10-11
"Turner, Roach and Saunders Deal",Qualified to Buy,8319.91,2024-11-27
"Flores, Frazier and Cervantes Deal",Decision Maker Bought-In,65116.23,2024-08-07
"Kennedy, Anderson and Chavez Deal",Appointment Scheduled,61297.65,2024-10-22
Mejia-Perez Deal,Closed Won,60480.16,2024-10-16
Green Group Deal,Appointment Scheduled,9137.83,2024-09-08
Hubbard LLC Deal,Contract Sent,7084.14,2024-08-10
Jackson-Leonard Deal,Qualified to Buy,8703.65,2024-09-21
Carson and Sons Deal,Contract Sent,3982.91,2024-08-16
Schroeder-Henderson Deal,Closed Won,3237.44,2024-12-19
"Barrett, Tanner and Camacho Deal",Decision Maker Bought-In,16454.58,2024-11-07
"Turner, Smith and Long Deal",Decision Maker Bought-In,96023.53,2024-09-14
Webster Group Deal,Appointment Scheduled,10724.0,2024-08-15
Taylor-Day Deal,Decision Maker Bought-In,65153.64,2024-08-01
Newton and Sons Deal,Closed Won,30539.65,2024-10-04
Guerrero Group Deal,Closed Won,68276.37,2024-08-01
Alexander-Ramos Deal,Closed Won,59299.69,2024-12-22
"Daniels, Ward and Wilson Deal",Appointment Scheduled,6152.88,2024-10-05
Hampton-Ware Deal,Presentation Scheduled,82332.66,2024-10-22
"Burton, White and Fernandez Deal",Qualified to Buy,91936.81,2024-11-04
Cortez-Estrada Deal,Decision Maker Bought-In,90255.75,2024-06-28
Cordova LLC Deal,Qualified to Buy,96227.31,2024-07-07
Keith-Thomas Deal,Presentation Scheduled,97496.79,2024-09-22
Medina and Sons Deal,Qualified to Buy,20451.29,2024-09-15
Castro Ltd Deal,Presentation Scheduled,67694.58,2024-07-29
"Fernandez, Smith and Monroe Deal",Appointment Scheduled,16153.6,2024-12-06
"Woodward, Massey and Miller Deal",Contract Sent,78445.71,2024-10-21
"George, Hughes and Nelson Deal",Contract Sent,85175.89,2024-10-26
Gonzales PLC Deal,Closed Won,23469.31,2024-08-21
Hendrix Group Deal,Decision Maker Bought-In,88519.67,2024-07-24
Chavez-Huerta Deal,Decision Maker Bought-In,18695.76,2024-08-10
Holden LLC Deal,Appointment Scheduled,1794.27,2024-09-21
Elliott Ltd Deal,Decision Maker Bought-In,15648.59,2024-12-14
"Baker, Martinez and Anderson Deal",Contract Sent,90471.07,2024-11-16
Huffman PLC Deal,Decision Maker Bought-In,96007.67,2024-08-22
Jones-Duran Deal,Presentation Scheduled,60561.3,2024-11-21
"Walters, Adams and Berry Deal",Decision Maker Bought-In,7385.6,2024-11-30
"Wallace, Tran and Richards Deal",Appointment Scheduled,81107.29,2024-07-10
"Mckinney, Williams and Jordan Deal",Qualified to Buy,50113.74,2024-12-15
Valentine-Rodriguez Deal,Presentation Scheduled,11523.52,2024-12-21
Fletcher-Lucas Deal,Decision Maker Bought-In,15886.81,2024-11-26
Fernandez Group Deal,Decision Maker Bought-In,94964.03,2024-10-31
Johnson Inc Deal,Decision Maker Bought-In,4861.37,2024-12-07
Oneill Group Deal,Appointment Scheduled,17615.97,2024-11-06
"George, Wolfe and Russell Deal",Contract Sent,38810.81,2024-07-23
"Montes, Edwards and Pratt Deal",Decision Maker Bought-In,71801.73,2024-09-12
"Miranda, Wright and Mcclain Deal",Decision Maker Bought-In,62447.21,2024-12-12
Middleton-Gill Deal,Decision Maker Bought-In,48738.73,2024-08-01
"Aguilar, Hogan and Hanson Deal",Contract Sent,40688.73,2024-09-27
"Tucker, Mullins and Hamilton Deal",Qualified to Buy,69851.02,2024-11-15
Cook-Stout Deal,Contract Sent,47505.96,2024-09-02
"Hogan, Wheeler and Williams Deal",Contract Sent,46807.08,2024-10-07
"Allen, Schwartz and Moran Deal",Presentation Scheduled,18314.38,2024-12-15
Nelson-Miller Deal,Decision Maker Bought-In,88886.61,2024-12-10
Barry Ltd Deal,Closed Won,29802.96,2024-09-17
Craig and Sons Deal,Qualified to Buy,18331.21,2024-07-07
Calhoun Ltd Deal,Appointment Scheduled,86947.56,2024-07-30
Smith-Ryan Deal,Qualified to Buy,52598.22,2024-08-01
Powell-Taylor Deal,Qualified to Buy,7462.65,2024-11-29
Robles-Harris Deal,Qualified to Buy,14017.68,2024-12-23
Reid and Sons Deal,Presentation Scheduled,27864.28,2024-12-07
Cole-Moreno Deal,Appointment Scheduled,65862.95,2024-08-09
Mcmillan-Walsh Deal,Appointment Scheduled,77794.4,2024-09-02
Robbins-Christensen Deal,Decision Maker Bought-In,48327.02,2024-11-04
"Roberson, Jones and Jones Deal",Closed Won,89192.87,2024-12-08
Terrell-Garza Deal,Qualified to Buy,91222.87,2024-11-16
Camacho LLC Deal,Appointment Scheduled,95762.72,2024-08-15
Ramos and Sons Deal,Qualified to Buy,15541.0,2024-09-28
"Ortiz, Davis and Barron Deal",Presentation Scheduled,58005.87,2024-08-07
Miller Group Deal,Qualified to Buy,11340.39,2024-08-29
Kramer LLC Deal,Qualified to Buy,65112.02,2024-11-27
"Wilcox, Johnson and Wells Deal",Qualified to Buy,77000.77,2024-12-18
Miller-Freeman Deal,Closed Won,23647.3,2024-07-04
Brown Ltd Deal,Decision Maker Bought-In,63097.94,2024-11-06
"Conner, Mckenzie and Vaughn Deal",Presentation Scheduled,19449.44,2024-09-28
Dunn-Walker Deal,Appointment Scheduled,18966.16,2024-11-05
Huffman Group Deal,Appointment Scheduled,44924.73,2024-09-24
Smith Ltd Deal,Decision Maker Bought-In,33386.31,2024-10-05
Lin-Reyes Deal,Decision Maker Bought-In,3267.2,2024-10-02
"Anderson, Aguirre and Navarro Deal",Decision Maker Bought-In,94075.89,2024-09-24
Carroll LLC Deal,Contract Sent,96472.46,2024-12-22
Robinson-Mclaughlin Deal,Qualified to Buy,17119.13,2024-10-27
"Smith, Rose and Martin Deal",Decision Maker Bought-In,87461.52,2024-10-27
Ward PLC Deal,Presentation Scheduled,60345.34,2024-10-28
Pham Group Deal,Appointment Scheduled,79476.66,2024-07-13
Mann PLC Deal,Decision Maker Bought-In,1243.43,2024-10-28
Snyder Ltd Deal,Presentation Scheduled,90754.46,2024-12-12
"Chavez, Rivers and Burke Deal",Contract Sent,41056.89,2024-07-02
"Young, Richardson and Randall Deal",Qualified to Buy,44824.12,2024-10-25
"Brown, Garcia and Moody Deal",Decision Maker Bought-In,26033.06,2024-10-19
Neal Ltd Deal,Contract Sent,78829.58,2024-08-07
Harding Group Deal,Decision Maker Bought-In,92144.85,2024-10-11
"Wilson, Ibarra and Wilkins Deal",Presentation Scheduled,73339.24,2024-09-19
"Henry, Smith and Burke Deal",Contract Sent,46490.72,2024-12-02
Hatfield and Sons Deal,Contract Sent,91718.09,2024-07-29
King-Harris Deal,Presentation Scheduled,95041.49,2024-08-30
"Gutierrez, Diaz and James Deal",Closed Won,98039.12,2024-10-29
Smith LLC Deal,Qualified to Buy,46130.32,2024-10-07
Stephens LLC Deal,Contract Sent,65913.43,2024-07-25
Kelley-Murphy Deal,Closed Won,26970.73,2024-07-08
Sanders Group Deal,Decision Maker Bought-In,83040.37,2024-08-15
Gibson-Brooks Deal,Qualified to Buy,22043.29,2024-09-05
"Smith, Hoover and Green Deal",Decision Maker Bought-In,54813.23,2024-09-07
Miranda LLC Deal,Decision Maker Bought-In,54722.07,2024-10-03
"Brown, Hunt and Roach Deal",Appointment Scheduled,49857.29,2024-12-06
"Taylor, Espinoza and Carroll Deal",Closed Won,63011.1,2024-08-02
Wong PLC Deal,Closed Won,48803.04,2024-09-19
Perry Inc Deal,Presentation Scheduled,26583.18,2024-11-21
Hill-Bailey Deal,Qualified to Buy,70148.75,2024-09-25
Mercer-Daniels Deal,Decision Maker Bought-In,45987.07,2024-09-21
"King, Schultz and Lopez Deal",Appointment Scheduled,67330.13,2024-10-11
"Davis, Underwood and Collier Deal",Qualified to Buy,21843.73,2024-12-03
Robinson-Medina Deal,Presentation Scheduled,26689.74,2024-11-23
Reyes-Velez Deal,Contract Sent,62241.31,2024-07-18
Clark-Johnson Deal,Contract Sent,46101.62,2024-08-28
Thompson and Sons Deal,Presentation Scheduled,72709.27,2024-11-27
Anthony Ltd Deal,Decision Maker Bought-In,70388.32,2024-07-30
Skinner PLC Deal,Presentation Scheduled,52641.59,2024-07-04
"Ray, Brooks and Maxwell Deal",Appointment Scheduled,36908.26,2024-10-04
Barnes Ltd Deal,Closed Won,88526.2,2024-08-14
Brown-Henry Deal,Appointment Scheduled,74791.74,2024-11-12
Baker Ltd Deal,Closed Won,80821.01,2024-08-08
Mueller PLC Deal,Decision Maker Bought-In,47710.32,2024-08-05
Ramos LLC Deal,Closed Won,98785.68,2024-07-06
Davidson-Rogers Deal,Closed Won,63893.21,2024-10-26
Wright-Thomas Deal,Presentation Scheduled,9438.57,2024-10-03
Murphy LLC Deal,Qualified to Buy,14215.7,2024-07-02
Gaines-Hardy Deal,Contract Sent,53384.16,2024-09-21
Butler and Sons Deal,Decision Maker Bought-In,70375.28,2024-08-11
Myers PLC Deal,Contract Sent,33164.94,2024-07-06
"Foster, Obrien and Meyer Deal",Qualified to Buy,72551.96,2024-11-01
Adams PLC Deal,Appointment Scheduled,95266.74,2024-07-19
"Griffin, Wise and Hernandez Deal",Presentation Scheduled,97436.74,2024-07-06
Wood-Cooper Deal,Qualified to Buy,82255.22,2024-11-06
Tran Ltd Deal,Presentation Scheduled,63836.52,2024-10-03
"Pham, Cobb and Fletcher Deal",Presentation Scheduled,58233.96,2024-10-20
Hall Group Deal,Decision Maker Bought-In,87704.88,2024-07-03
Bush-Barry Deal,Decision Maker Bought-In,26469.66,2024-10-04
Tate Inc Deal,Qualified to Buy,34986.02,2024-12-10
"Miller, Good and Lopez Deal",Qualified to Buy,50204.73,2024-09-20
Gordon Inc Deal,Qualified to Buy,67445.99,2024-08-01
"Richardson, Hall and Neal Deal",Decision Maker Bought-In,92311.55,2024-11-08
"Johnson, Gonzalez and Jefferson Deal",Closed Won,78582.61,2024-12-20
Chavez Ltd Deal,Appointment Scheduled,80822.85,2024-10-13
Miller Ltd Deal,Appointment Scheduled,20435.69,2024-08-28
Scott PLC Deal,Decision Maker Bought-In,42517.29,2024-07-08
"Beck, Burke and Chavez Deal",Closed Won,76041.71,2024-08-17
Green-Moore Deal,Decision Maker Bought-In,80108.68,2024-12-13
"Miller, Hansen and Bryant Deal",Contract Sent,22581.88,2024-07-25
Jones Ltd Deal,Qualified to Buy,76597.97,2024-09-13
"Turner, Price and Smith Deal",Closed Won,56680.9,2024-10-01
"Mathews, Lynch and King Deal",Qualified to Buy,94036.63,2024-10-07
Ayers-Olsen Deal,Presentation Scheduled,93263.55,2024-10-04
"Black, Moore and Daniels Deal",Contract Sent,86561.85,2024-11-11
"Cantu, Vazquez and Christensen Deal",Presentation Scheduled,94299.17,2024-09-25
"Colon, Leonard and Howard Deal",Appointment Scheduled,66643.01,2024-10-31
Curry Ltd Deal,Closed Won,26678.95,2024-11-29
Ellis-Richard Deal,Decision Maker Bought-In,66495.71,2024-11-11
"Morales, Hicks and Patel Deal",Qualified to Buy,36174.32,2024-12-21
Hanson-Callahan Deal,Closed Won,31415.01,2024-12-20
Hebert Group Deal,Contract Sent,11612.27,2024-12-08
"Flores, Johnson and Gutierrez Deal",Presentation Scheduled,53333.02,2024-10-22
Orozco Ltd Deal,Decision Maker Bought-In,1688.17,2024-12-24
"Wright, Holloway and Knight Deal",Presentation Scheduled,25659.69,2024-07-30
Peterson PLC Deal,Qualified to Buy,79562.12,2024-12-13
Davis Inc Deal,Presentation Scheduled,33790.41,2024-12-14
"Bean, Ortiz and Armstrong Deal",Closed Won,56967.01,2024-10-13
Castillo Group Deal,Closed Won,44661.32,2024-08-02
"Walker, Williams and Robinson Deal",Closed Won,95874.77,2024-10-27
Galvan-Hanson Deal,Presentation Scheduled,74912.07,2024-08-10
Smith-Weber Deal,Qualified to Buy,30230.68,2024-08-24
"Collins, Summers and Stewart Deal",Presentation Scheduled,88367.71,2024-10-04
Bryant-Jenkins Deal,Closed Won,19453.17,2024-12-18
Sanchez-Kim Deal,Appointment Scheduled,48394.15,2024-08-09
Yang-Giles Deal,Closed Won,2891.32,2024-07-07
Moore-Herrera Deal,Contract Sent,48275.27,2024-12-22
"Lowe, Gonzalez and Gray Deal",Appointment Scheduled,37947.09,2024-09-02
Woods-Smith Deal,Decision Maker Bought-In,65989.89,2024-11-10
Taylor and Sons Deal,Appointment Scheduled,86490.79,2024-08-19
"Mcdaniel, Moore and Robinson Deal",Contract Sent,98624.26,2024-09-10
"Willis, Miller and Daugherty Deal",Qualified to Buy,39678.15,2024-07-14
"Ray, Strong and Martin Deal",Closed Won,27170.19,2024-09-04
Green PLC Deal,Appointment Scheduled,9963.69,2024-08-06
"Patel, Yoder and Murillo Deal",Closed Won,96672.22,2024-08-22
Schneider Group Deal,Closed Won,61503.47,2024-12-09
"Evans, Mejia and Dorsey Deal",Decision Maker Bought-In,32775.14,2024-07-23
Gutierrez Inc Deal,Closed Won,83577.58,2024-08-10
"Scott, Kennedy and Dean Deal",Qualified to Buy,78983.21,2024-09-07
"Gallegos, Martinez and Dalton Deal",Contract Sent,57757.26,2024-08-05
Garrett and Sons Deal,Appointment Scheduled,96254.96,2024-08-23
Turner-Smith Deal,Decision Maker Bought-In,33050.22,2024-07-26
Schroeder Inc Deal,Qualified to Buy,31316.39,2024-11-07
Jackson-Daniel Deal,Qualified to Buy,52454.8,2024-09-04
"Chavez, Munoz and Goodwin Deal",Appointment Scheduled,40210.91,2024-09-27
Higgins-Rodriguez Deal,Closed Won,91432.32,2024-11-30
Love Inc Deal,Presentation Scheduled,28270.27,2024-09-11
"Ho, Melton and Heath Deal",Appointment Scheduled,13403.4,2024-07-19
"Perez, Mills and Woods Deal",Decision Maker Bought-In,98387.39,2024-08-03
Hernandez Group Deal,Closed Won,64794.89,2024-07-23
Mcintosh PLC Deal,Decision Maker Bought-In,74338.22,2024-09-19
Brooks-Nicholson Deal,Closed Won,9648.21,2024-09-26
Sullivan-Johnson Deal,Qualified to Buy,82429.84,2024-07-02
Hernandez-Brown Deal,Presentation Scheduled,66814.29,2024-10-10
Shaw PLC Deal,Decision Maker Bought-In,55032.83,2024-12-22
Hill-Dickson Deal,Appointment Scheduled,39513.95,2024-07-16
"Poole, Perez and Carpenter Deal",Appointment Scheduled,15647.78,2024-07-18
"Owens, Jimenez and Woods Deal",Closed Won,37201.57,2024-11-30
Hudson-Bell Deal,Decision Maker Bought-In,6865.0,2024-12-13
Mueller Group Deal,Closed Won,12631.74,2024-08-03
Hodge PLC Deal,Closed Won,80812.1,2024-11-11
Wilson-Guzman Deal,Appointment Scheduled,98511.18,2024-12-08
Gilbert-Stewart Deal,Appointment Scheduled,73435.15,2024-06-28
Estrada PLC Deal,Presentation Scheduled,61368.33,2024-12-14
"Mccoy, Farley and Johnson Deal",Appointment Scheduled,69796.68,2024-07-05
Zamora Ltd Deal,Contract Sent,53266.75,2024-10-05
Mayo PLC Deal,Appointment Scheduled,68472.73,2024-12-16
Rhodes-Cox Deal,Appointment Scheduled,81282.64,2024-10-17
Wiggins PLC Deal,Decision Maker Bought-In,93657.24,2024-08-10
Rodriguez-Crawford Deal,Qualified to Buy,7283.64,2024-09-07
"Bauer, Holmes and Snyder Deal",Contract Sent,96248.2,2024-12-04
Price Group Deal,Closed Won,76009.93,2024-10-16
Hansen-Fernandez Deal,Closed Won,67291.49,2024-11-29
"Bell, Munoz and Coleman Deal",Contract Sent,27247.33,2024-11-12
Craig-Beasley Deal,Appointment Scheduled,92904.83,2024-11-26
"Castillo, Hayes and Mccarthy Deal",Decision Maker Bought-In,94814.32,2024-12-19
Chen-White Deal,Presentation Scheduled,45515.88,2024-10-12
Bailey LLC Deal,Presentation Scheduled,10715.39,2024-09-08
Mata-Underwood Deal,Presentation Scheduled,84807.88,2024-07-08
"Ferguson, Hughes and Pacheco Deal",Appointment Scheduled,46129.59,2024-12-14
"Holt, Thomas and Clarke Deal",Decision Maker Bought-In,82212.08,2024-08-26
"Lee, Baker and Coleman Deal",Qualified to Buy,44565.15,2024-06-28
Martin-Hunt Deal,Decision Maker Bought-In,28923.48,2024-10-19
"Simpson, Williams and Reynolds Deal",Presentation Scheduled,98203.8,2024-09-23
"Dennis, Winters and Anderson Deal",Decision Maker Bought-In,86464.43,2024-10-21
"Williams, Hunt and Phillips Deal",Presentation Scheduled,15793.87,2024-07-14
Nelson-Stokes Deal,Qualified to Buy,6593.97,2024-08-14
Rhodes-Martin Deal,Appointment Scheduled,31312.39,2024-07-03
Clark-Clarke Deal,Presentation Scheduled,85473.2,2024-09-27
Vega-Hurley Deal,Presentation Scheduled,31119.22,2024-08-04
Christensen and Sons Deal,Presentation Scheduled,83731.16,2024-09-26
Hart-Crawford Deal,Qualified to Buy,15155.52,2024-08-13
Garrett-Crosby Deal,Closed Won,15206.23,2024-11-18
Davis Ltd Deal,Appointment Scheduled,99144.23,2024-07-24
Nicholson Inc Deal,Qualified to Buy,75818.9,2024-10-14
Montoya-Adams Deal,Closed Won,27025.89,2024-11-19
Jones-Marsh Deal,Qualified to Buy,24447.36,2024-11-04
"Hester, Bush and Grimes Deal",Presentation Scheduled,10410.36,2024-10-22
Sullivan-Vargas Deal,Presentation Scheduled,56186.09,2024-12-23
"Roberson, Hunt and Horne Deal",Decision Maker Bought-In,55173.44,2024-10-02
Knapp and Sons Deal,Presentation Scheduled,99420.63,2024-10-10
Cantu and Sons Deal,Decision Maker Bought-In,89079.26,2024-11-07
"Johnson, Brown and Chen Deal",Decision Maker Bought-In,22572.35,2024-08-30
Avery Group Deal,Appointment Scheduled,33315.15,2024-07-16
Smith-Farmer Deal,Decision Maker Bought-In,70445.68,2024-10-04
Flores-Martin Deal,Closed Won,75021.31,2024-09-12
"Navarro, Pacheco and Miller Deal",Qualified to Buy,87516.32,2024-12-13
Campbell-Wolf Deal,Presentation Scheduled,72831.55,2024-09-12
"Shields, Mullen and Jackson Deal",Presentation Scheduled,94619.4,2024-12-06
Adams-Watson Deal,Closed Won,85878.43,2024-11-26
Smith Inc Deal,Qualified to Buy,92950.6,2024-08-07
"Burns, Preston and Kelly Deal",Qualified to Buy,25805.38,2024-12-02
Dudley Inc Deal,Presentation Scheduled,98135.4,2024-09-19
"Harris, Wallace and Gilmore Deal",Presentation Scheduled,69862.54,2024-12-20
Steele-Rodriguez Deal,Appointment Scheduled,87480.05,2024-11-13
Clarke LLC Deal,Presentation Scheduled,33281.67,2024-12-12
Leon-Martin Deal,Appointment Scheduled,55232.67,2024-11-30
Baker LLC Deal,Contract Sent,15924.66,2024-09-18
"Wallace, Morris and Jones Deal",Decision Maker Bought-In,37599.1,2024-07-31
"Gray, Beck and Grimes Deal",Qualified to Buy,60082.11,2024-10-29
"Garza, Boyd and Patterson Deal",Appointment Scheduled,42066.03,2024-11-22
Watts-Daniels Deal,Contract Sent,42990.96,2024-11-16
Perkins LLC Deal,Qualified to Buy,66648.23,2024-08-29
Thompson Group Deal,Presentation Scheduled,86694.01,2024-07-27
Phelps and Sons Deal,Decision Maker Bought-In,39788.86,2024-08-19
Ellis LLC Deal,Appointment Scheduled,32948.04,2024-10-06
Rios-Davis Deal,Presentation Scheduled,41871.04,2024-11-11
Le-Stephens Deal,Presentation Scheduled,31198.69,2024-08-07
Olson-Ramirez Deal,Decision Maker Bought-In,62600.36,2024-11-02
Atkinson-Humphrey Deal,Closed Won,48941.06,2024-07-25
"Miller, Webb and Nelson Deal",Contract Sent,30302.55,2024-12-09
Rodgers-Camacho Deal,Decision Maker Bought-In,50747.0,2024-10-24
"Jackson, Simpson and Smith Deal",Qualified to Buy,93571.53,2024-09-26
Pacheco-Carroll Deal,Closed Won,50063.48,2024-11-03
Nunez-Ramos Deal,Qualified to Buy,18547.37,2024-07-09
Davis Ltd Deal,Closed Won,94673.42,2024-08-25
Stanton-Barrett Deal,Qualified to Buy,81421.78,2024-10-15
Shields-Frazier Deal,Appointment Scheduled,48184.95,2024-11-26
"Johnson, Schwartz and Byrd Deal",Appointment Scheduled,51045.22,2024-11-03
West-Rogers Deal,Contract Sent,14590.44,2024-11-10
Scott LLC Deal,Presentation Scheduled,63909.41,2024-08-19
"Martin, Simon and Decker Deal",Qualified to Buy,70958.4,2024-10-07
Blake Group Deal,Decision Maker Bought-In,79955.13,2024-10-08
Harrington-Mills Deal,Contract Sent,72566.81,2024-12-05
Ross-Arnold Deal,Contract Sent,16197.71,2024-07-13
Dunn-Sherman Deal,Closed Won,81108.67,2024-10-16
"Walker, Potts and Brown Deal",Contract Sent,60276.13,2024-08-06
Gutierrez PLC Deal,Contract Sent,52187.98,2024-10-02
"Romero, Ibarra and West Deal",Presentation Scheduled,59925.6,2024-09-03
Proctor LLC Deal,Decision Maker Bought-In,44942.61,2024-07-25
Cummings-Mcfarland Deal,Closed Won,77129.94,2024-07-24
"Ramirez, Vasquez and Torres Deal",Presentation Scheduled,92980.19,2024-12-09
"Flores, Johnson and Patel Deal",Decision Maker Bought-In,47051.38,2024-12-06
Carlson LLC Deal,Qualified to Buy,93463.61,2024-09-22
Hart-Johnson Deal,Qualified to Buy,42066.17,2024-07-04
Moore Ltd Deal,Qualified to Buy,83684.1,2024-11-16
Williams-Martinez Deal,Contract Sent,26628.43,2024-07-01
"Bowman, Cox and Walton Deal",Closed Won,87990.4,2024-07-20
"Stokes, Peterson and Phillips Deal",Closed Won,50700.54,2024-10-13
Hahn Ltd Deal,Qualified to Buy,77883.93,2024-11-04
Duarte-Morales Deal,Closed Won,79908.92,2024-11-23
Dougherty and Sons Deal,Closed Won,71414.93,2024-10-23
"Mitchell, Brown and Gomez Deal",Appointment Scheduled,17234.17,2024-08-19
Moore-Clark Deal,Contract Sent,12368.73,2024-11-13
Green Group Deal,Closed Won,91363.59,2024-10-15
Fisher-Bell Deal,Qualified to Buy,80361.5,2024-06-28
Simmons LLC Deal,Contract Sent,98523.04,2024-10-19
"Riley, Stokes and Clark Deal",Appointment Scheduled,4943.87,2024-09-01
"Martinez, Wagner and Martin Deal",Appointment Scheduled,5463.12,2024-09-05
Mejia and Sons Deal,Appointment Scheduled,22363.77,2024-08-11
"Hill, Sandoval and Hunt Deal",Closed Won,23504.34,2024-11-21
Davis-Gibson Deal,Closed Won,52325.13,2024-12-02
Reynolds PLC Deal,Contract Sent,63455.95,2024-10-27
"Allen, Kennedy and Miller Deal",Closed Won,61020.2,2024-12-13
Weaver and Sons Deal,Closed Won,60872.22,2024-10-14
Allen-Jones Deal,Contract Sent,54115.44,2024-08-21
Powell-Diaz Deal,Closed Won,11204.28,2024-09-30
Drake and Sons Deal,Appointment Scheduled,70957.32,2024-11-14
"Hobbs, Mullins and Williams Deal",Decision Maker Bought-In,86536.27,2024-07-12
Morris Group Deal,Decision Maker Bought-In,76103.95,2024-09-03
Rivers-Brown Deal,Closed Won,99217.19,2024-08-04
White PLC Deal,Closed Won,4890.37,2024-07-14
"James, Lee and Marks Deal",Closed Won,20785.74,2024-07-11
"Richardson, Bowman and Swanson Deal",Appointment Scheduled,64660.02,2024-11-25
Obrien-Walters Deal,Qualified to Buy,80527.55,2024-11-26
"Garza, Holmes and Lang Deal",Decision Maker Bought-In,22996.7,2024-11-11
Alexander Ltd Deal,Appointment Scheduled,69496.56,2024-08-14
"Taylor, Soto and Anderson Deal",Closed Won,6819.82,2024-10-26
Butler Group Deal,Presentation Scheduled,66431.66,2024-07-30
Glover PLC Deal,Presentation Scheduled,87522.39,2024-08-15
"Floyd, Crane and Smith Deal",Presentation Scheduled,14816.36,2024-11-23
"Lewis, Cole and Kennedy Deal",Presentation Scheduled,74237.48,2024-12-21
"Levy, Huerta and Johnson Deal",Qualified to Buy,34320.65,2024-08-01
"Porter, Gibbs and Gibson Deal",Presentation Scheduled,22436.5,2024-06-28
Huff LLC Deal,Closed Won,40342.38,2024-08-29
Oneal-Sharp Deal,Qualified to Buy,80302.02,2024-08-24
Navarro Inc Deal,Contract Sent,85875.52,2024-10-20
Dean Group Deal,Presentation Scheduled,58201.9,2024-10-23
Young and Sons Deal,Qualified to Buy,88774.51,2024-07-08
"Mcconnell, Thornton and Norris Deal",Qualified to Buy,57631.84,2024-09-18
Young PLC Deal,Presentation Scheduled,15191.56,2024-08-24
Gillespie-Chang Deal,Presentation Scheduled,13850.58,2024-07-07
Hernandez-Moore Deal,Contract Sent,97784.45,2024-08-07
"Norman, Garcia and Ryan Deal",Qualified to Buy,57973.27,2024-08-02
Mcpherson and Sons Deal,Appointment Scheduled,34126.7,2024-12-15
Salazar Group Deal,Presentation Scheduled,74628.3,2024-09-30
Cruz and Sons Deal,Presentation Scheduled,95964.37,2024-12-04
Richards-Sullivan Deal,Appointment Scheduled,24607.6,2024-11-08
Williams Inc Deal,Closed Won,80881.07,2024-07-07
Dominguez Ltd Deal,Contract Sent,35053.39,2024-08-05
Robinson PLC Deal,Contract Sent,90061.57,2024-10-25
Keller Inc Deal,Appointment Scheduled,3758.64,2024-12-01
Ayala-Dominguez Deal,Qualified to Buy,64621.17,2024-11-12
Ellis Ltd Deal,Contract Sent,76226.97,2024-10-18
"Sullivan, Williams and Acosta Deal",Presentation Scheduled,20476.11,2024-12-04
"Chavez, Solis and Blair Deal",Presentation Scheduled,71847.26,2024-07-05
Perry-Gonzalez Deal,Presentation Scheduled,14128.01,2024-07-06
Barton PLC Deal,Decision Maker Bought-In,12030.2,2024-09-11
Love PLC Deal,Decision Maker Bought-In,61781.22,2024-09-11
"Callahan, Carter and Adams Deal",Presentation Scheduled,43304.08,2024-11-29
"Lee, Mckee and Hale Deal",Presentation Scheduled,42382.91,2024-11-29
Hughes-Marshall Deal,Presentation Scheduled,47236.12,2024-11-04
Glover LLC Deal,Decision Maker Bought-In,58252.19,2024-10-11
Hicks PLC Deal,Decision Maker Bought-In,79470.84,2024-10-13
Smith-Charles Deal,Qualified to Buy,16235.81,2024-12-16
Franklin-Smith Deal,Contract Sent,96769.54,2024-08-04
"Vasquez, Gibson and Smith Deal",Qualified to Buy,16997.52,2024-09-06
Wallace-Bender Deal,Closed Won,37116.94,2024-07-01
"Mcgee, Garcia and Franklin Deal",Closed Won,2157.12,2024-09-05
"Tate, Park and Elliott Deal",Decision Maker Bought-In,26087.0,2024-09-10
Ball LLC Deal,Appointment Scheduled,42254.18,2024-09-19
"Wong, Mendoza and Walters Deal",Decision Maker Bought-In,76210.32,2024-10-07
Murphy LLC Deal,Presentation Scheduled,1174.1,2024-12-14
Hahn-White Deal,Closed Won,99768.48,2024-11-19
Eaton-Nichols Deal,Appointment Scheduled,45500.93,2024-09-05
"Johnson, Ortiz and Taylor Deal",Decision Maker Bought-In,44602.9,2024-10-26
Summers and Sons Deal,Qualified to Buy,24241.56,2024-09-26
Weber-Drake Deal,Closed Won,5290.62,2024-12-18
"Lopez, Rogers and Garcia Deal",Presentation Scheduled,39882.7,2024-08-14
Graham Inc Deal,Decision Maker Bought-In,57125.32,2024-12-12
"Lopez, Schmidt and Evans Deal",Presentation Scheduled,69883.98,2024-11-11
"Flowers, Lowery and Glover Deal",Contract Sent,83286.91,2024-12-19
Harmon-Waters Deal,Presentation Scheduled,62713.06,2024-10-21
"Martinez, Hill and Anderson Deal",Appointment Scheduled,98970.98,2024-12-21
Fox Inc Deal,Qualified to Buy,87244.75,2024-11-13
Harvey-Murphy Deal,Closed Won,43147.16,2024-08-17
Smith PLC Deal,Qualified to Buy,62171.9,2024-09-27
Miller and Sons Deal,Decision Maker Bought-In,16197.49,2024-08-30
Garner-Valdez Deal,Closed Won,3927.99,2024-07-12
Fleming PLC Deal,Qualified to Buy,3447.83,2024-09-03
"Vasquez, Irwin and Poole Deal",Qualified to Buy,49087.13,2024-12-11
Serrano-May Deal,Closed Won,95922.7,2024-09-02
"Ramos, Burnett and Richard Deal",Presentation Scheduled,21340.52,2024-12-24
Ferguson-Hays Deal,Appointment Scheduled,71609.11,2024-10-14
"Carey, Smith and King Deal",Presentation Scheduled,49234.74,2024-06-29
Morton-Greer Deal,Appointment Scheduled,26651.01,2024-11-29
Guerra PLC Deal,Closed Won,74653.96,2024-11-13
Patton-Ford Deal,Qualified to Buy,37090.36,2024-08-05
Miller LLC Deal,Appointment Scheduled,77487.16,2024-09-02
Rodriguez-Henson Deal,Qualified to Buy,74909.1,2024-12-05
"Ramsey, Hall and Mcclain Deal",Contract Sent,68705.39,2024-12-23
Smith and Sons Deal,Decision Maker Bought-In,59832.24,2024-08-25
Williams and Sons Deal,Presentation Scheduled,92341.14,2024-12-16
"Davis, Tran and Grimes Deal",Contract Sent,61752.53,2024-12-14
Perez PLC Deal,Qualified to Buy,80418.08,2024-07-26
"Valdez, Cole and Barker Deal",Closed Won,5982.4,2024-09-29
"Ramsey, Thomas and Bailey Deal",Appointment Scheduled,26049.34,2024-09-01
"Gomez, Savage and Garcia Deal",Contract Sent,64614.09,2024-12-10
"Lopez, Whitney and Conley Deal",Closed Won,81274.18,2024-12-16
Patel PLC Deal,Appointment Scheduled,44669.53,2024-11-06
Garrison-Allen Deal,Decision Maker Bought-In,67896.63,2024-10-03
Miller-Welch Deal,Closed Won,88774.12,2024-08-19
Cardenas Inc Deal,Decision Maker Bought-In,87776.89,2024-09-01
"Roberson, Tran and Ross Deal",Closed Won,33684.12,2024-08-21
Skinner LLC Deal,Presentation Scheduled,3629.92,2024-07-03
Becker-Johnson Deal,Decision Maker Bought-In,61538.83,2024-07-12
"Smith, Jackson and Stewart Deal",Closed Won,23218.95,2024-08-26
Morrison-Jones Deal,Appointment Scheduled,19973.76,2024-08-03
"George, Wilson and Hicks Deal",Presentation Scheduled,37392.83,2024-11-18
"Bennett, Stephenson and Barker Deal",Qualified to Buy,89408.37,2024-07-17
French Ltd Deal,Decision Maker Bought-In,3175.93,2024-07-24
"Ward, Perry and Blevins Deal",Appointment Scheduled,25212.37,2024-10-04
Ruiz and Sons Deal,Appointment Scheduled,25211.47,2024-11-20
"Roberts, Rivera and Gordon Deal",Qualified to Buy,30281.5,2024-11-03
"Jenkins, Castro and Perez Deal",Qualified to Buy,34215.22,2024-08-01
Gutierrez-Carroll Deal,Decision Maker Bought-In,48447.63,2024-07-01
"Ramos, Robinson and Vega Deal",Contract Sent,66679.87,2024-10-16
"Parrish, Phillips and Townsend Deal",Presentation Scheduled,90184.2,2024-07-07
"Holland, Thomas and Adams Deal",Qualified to Buy,52886.17,2024-07-10
Greer and Sons Deal,Decision Maker Bought-In,81105.08,2024-08-18
Murray LLC Deal,Decision Maker Bought-In,96844.37,2024-11-05
Hoffman-Rose Deal,Decision Maker Bought-In,41826.29,2024-11-25
Cruz Inc Deal,Qualified to Buy,38025.08,2024-09-27
"Johnson, Romero and Hines Deal",Decision Maker Bought-In,47123.69,2024-07-14
Flores Inc Deal,Presentation Scheduled,45206.81,2024-10-22
Dorsey-Zuniga Deal,Appointment Scheduled,4729.39,2024-07-17
Jackson Ltd Deal,Decision Maker Bought-In,12310.65,2024-09-10
"Hanson, Sanchez and Alvarez Deal",Presentation Scheduled,75927.15,2024-10-07
"Goodman, Mcdonald and Sampson Deal",Appointment Scheduled,29031.86,2024-08-29
Moore-Burke Deal,Decision Maker Bought-In,90696.56,2024-09-08
Collins and Sons Deal,Qualified to Buy,19938.49,2024-09-05
Larson-Booth Deal,Contract Sent,48619.03,2024-08-25
"Lee, Reynolds and Fisher Deal",Qualified to Buy,97923.49,2024-10-11
Garcia LLC Deal,Presentation Scheduled,76427.12,2024-09-20
Jones Inc Deal,Decision Maker Bought-In,63942.6,2024-09-30
Rodriguez Group Deal,Closed Won,50353.6,2024-07-25
"Hart, Trujillo and Pearson Deal",Decision Maker Bought-In,63656.08,2024-09-22
"Haynes, Caldwell and Howell Deal",Closed Won,32261.62,2024-07-30
Parrish Inc Deal,Qualified to Buy,7099.45,2024-07-18
"Woodard, Davis and Ford Deal",Appointment Scheduled,33714.86,2024-08-25
"King, Kennedy and Rhodes Deal",Qualified to Buy,38871.29,2024-07-14
"Trujillo, Bauer and Powers Deal",Contract Sent,71022.74,2024-08-09
Santiago-Williams Deal,Decision Maker Bought-In,48000.04,2024-11-26
Brown-Williams Deal,Appointment Scheduled,5610.67,2024-09-04
Lee-Kennedy Deal,Closed Won,82394.73,2024-07-23
Ellis PLC Deal,Appointment Scheduled,16333.84,2024-10-07
"Smith, Richardson and Murphy Deal",Presentation Scheduled,89109.98,2024-09-15
"Morgan, Clark and Jones Deal",Contract Sent,37565.06,2024-07-26
"Chambers, Hamilton and Yates Deal",Closed Won,82222.89,2024-11-28
Schroeder Inc Deal,Presentation Scheduled,63907.69,2024-08-12
Marquez LLC Deal,Contract Sent,76821.27,2024-11-18
"Mercer, Griffin and Hill Deal",Qualified to Buy,3298.71,2024-11-24
Brown PLC Deal,Appointment Scheduled,32870.68,2024-11-02
Taylor Inc Deal,Decision Maker Bought-In,22514.83,2024-09-15
Miles and Sons Deal,Presentation Scheduled,77842.54,2024-10-06
Diaz-Brown Deal,Qualified to Buy,20113.07,2024-08-22
Nunez Ltd Deal,Qualified to Buy,42924.06,2024-10-17
"Wolfe, Nichols and Ortiz Deal",Appointment Scheduled,48257.59,2024-11-16
Rush-Murphy Deal,Presentation Scheduled,96804.83,2024-11-27
Martinez Inc Deal,Decision Maker Bought-In,63259.12,2024-08-29
Arias-Ramsey Deal,Appointment Scheduled,8615.46,2024-08-21
Rosales PLC Deal,Decision Maker Bought-In,23887.21,2024-11-04
Hunter PLC Deal,Qualified to Buy,19545.23,2024-09-18
Baker-Jensen Deal,Decision Maker Bought-In,21275.14,2024-08-16
Hansen-Conner Deal,Closed Won,79599.08,2024-10-12
Thomas-King Deal,Decision Maker Bought-In,64792.05,2024-10-27
"Johnson, Stone and Mason Deal",Appointment Scheduled,2469.23,2024-09-25
Gutierrez-Hester Deal,Decision Maker Bought-In,38680.6,2024-11-05
"West, Wright and Williams Deal",Closed Won,11664.21,2024-11-15
Blair-Rivera Deal,Appointment Scheduled,49091.25,2024-12-19
Guzman-Garcia Deal,Qualified to Buy,13943.64,2024-12-05
Vega-Gaines Deal,Decision Maker Bought-In,96295.63,2024-08-03
Ruiz LLC Deal,Contract Sent,94470.16,2024-09-27
Reed Inc Deal,Qualified to Buy,54751.65,2024-08-27
Vaughn-Le Deal,Appointment Scheduled,81656.52,2024-06-30
Shepard and Sons Deal,Decision Maker Bought-In,23420.17,2024-09-11
Johnson LLC Deal,Closed Won,19508.82,2024-09-13
Galvan-Carpenter Deal,Contract Sent,49458.15,2024-08-25
Shea-Hansen Deal,Closed Won,25449.36,2024-09-21
Walsh-Hansen Deal,Presentation Scheduled,91509.37,2024-09-15
"Morris, Walker and Frey Deal",Qualified to Buy,22043.54,2024-12-06
Jackson-Richardson Deal,Appointment Scheduled,36065.58,2024-11-09
"Payne, Patton and George Deal",Appointment Scheduled,4379.87,2024-10-31
Sandoval-Dillon Deal,Closed Won,39948.44,2024-08-05
Roberts-Harris Deal,Closed Won,11168.53,2024-11-06
Johnson-Lawrence Deal,Qualified to Buy,96572.52,2024-11-04
Walker Ltd Deal,Closed Won,21867.59,2024-07-16
"Osborne, Martinez and Frank Deal",Appointment Scheduled,29193.35,2024-08-25
Cline Ltd Deal,Presentation Scheduled,39123.8,2024-08-17
Gutierrez-Chung Deal,Contract Sent,34565.28,2024-09-09
Carter-Black Deal,Qualified to Buy,52663.21,2024-10-10
"Le, King and Wagner Deal",Appointment Scheduled,97741.98,2024-12-12
"Taylor, Leonard and Bates Deal",Contract Sent,84655.02,2024-08-10
White-Fitzgerald Deal,Contract Sent,30366.6,2024-11-06
